timestamp,event_id,user,workload,container_id,gpu_uuid,process,gpu_utilization_pct,memory_utilization_pct,power_watts,bytes_out_mb,destination,image_signed,privileged,host_pid_access,model_access,model_name,attestation_trusted,scenario,label,split
2026-08-12T00:00:00+00:00,evt-secure-0000,user-00,job-00,ctr-00,GPU-DEMO-0001,tritonserver,65.559,71.617,232.328,0.601,model-registry.internal,True,False,False,True,sentinel-7b-demo,True,secure,benign,demo
2026-08-12T00:05:00+00:00,evt-secure-0001,user-01,job-01,ctr-01,GPU-DEMO-0002,python-train,74.02,75.659,228.584,0.279,model-registry.internal,True,False,False,True,sentinel-7b-demo,True,secure,benign,demo
2026-08-12T00:10:00+00:00,evt-secure-0002,user-02,job-02,ctr-02,GPU-DEMO-0003,python-train,69.323,82.308,250.759,0.411,model-registry.internal,True,False,False,True,sentinel-7b-demo,True,secure,benign,demo
2026-08-12T00:15:00+00:00,evt-secure-0003,user-03,job-03,ctr-03,GPU-DEMO-0001,tritonserver,68.105,74.971,266.466,0.783,model-registry.internal,True,False,False,True,sentinel-7b-demo,True,secure,benign,demo
2026-08-12T00:20:00+00:00,evt-secure-0004,user-04,job-04,ctr-04,GPU-DEMO-0002,python-train,63.877,76.923,255.962,0.689,model-registry.internal,True,False,False,True,sentinel-7b-demo,True,secure,benign,demo
2026-08-12T00:25:00+00:00,evt-secure-0005,user-05,job-05,ctr-05,GPU-DEMO-0003,python-train,64.594,77.546,198.652,1.074,model-registry.internal,True,False,False,True,sentinel-7b-demo,True,secure,benign,demo
2026-08-12T00:30:00+00:00,evt-secure-0006,user-06,job-06,ctr-06,GPU-DEMO-0001,tritonserver,57.842,80.008,250.942,0.675,model-registry.internal,True,False,False,True,sentinel-7b-demo,True,secure,benign,demo
2026-08-12T00:35:00+00:00,evt-secure-0007,user-07,job-07,ctr-07,GPU-DEMO-0002,python-train,54.809,72.31,227.946,0.21,model-registry.internal,True,False,False,True,sentinel-7b-demo,True,secure,benign,demo
2026-08-12T00:40:00+00:00,evt-secure-0008,user-00,job-08,ctr-08,GPU-DEMO-0003,python-train,73.384,75.799,250.599,0.368,model-registry.internal,True,False,False,True,sentinel-7b-demo,True,secure,benign,demo
2026-08-12T00:45:00+00:00,evt-secure-0009,user-01,job-09,ctr-09,GPU-DEMO-0001,tritonserver,71.785,69.24,246.984,0.431,model-registry.internal,True,False,False,True,sentinel-7b-demo,True,secure,benign,demo
2026-08-12T00:50:00+00:00,evt-secure-0010,user-02,job-10,ctr-10,GPU-DEMO-0002,python-train,74.685,84.375,247.137,0.357,model-registry.internal,True,False,False,True,sentinel-7b-demo,True,secure,benign,demo
2026-08-12T00:55:00+00:00,evt-secure-0011,user-03,job-11,ctr-11,GPU-DEMO-0003,python-train,75.358,80.623,200.352,0.237,model-registry.internal,True,False,False,True,sentinel-7b-demo,True,secure,benign,demo
2026-08-12T01:00:00+00:00,evt-secure-0012,user-04,job-00,ctr-00,GPU-DEMO-0001,tritonserver,72.808,91.571,249.879,0.384,model-registry.internal,True,False,False,True,sentinel-7b-demo,True,secure,benign,demo
2026-08-12T01:05:00+00:00,evt-secure-0013,user-05,job-01,ctr-01,GPU-DEMO-0002,python-train,60.906,80.618,221.396,0.224,model-registry.internal,True,False,False,True,sentinel-7b-demo,True,secure,benign,demo
2026-08-12T01:10:00+00:00,evt-secure-0014,user-06,job-02,ctr-02,GPU-DEMO-0003,python-train,59.765,70.651,190.809,0.267,model-registry.internal,True,False,False,True,sentinel-7b-demo,True,secure,benign,demo
2026-08-12T01:15:00+00:00,evt-secure-0015,user-07,job-03,ctr-03,GPU-DEMO-0001,tritonserver,56.175,82.548,234.557,0.112,model-registry.internal,True,False,False,True,sentinel-7b-demo,True,secure,benign,demo
2026-08-12T01:20:00+00:00,evt-secure-0016,user-00,job-04,ctr-04,GPU-DEMO-0002,python-train,69.737,64.912,256.681,0.436,model-registry.internal,True,False,False,True,sentinel-7b-demo,True,secure,benign,demo
2026-08-12T01:25:00+00:00,evt-secure-0017,user-01,job-05,ctr-05,GPU-DEMO-0003,python-train,70.81,71.792,269.16,0.157,model-registry.internal,True,False,False,True,sentinel-7b-demo,True,secure,benign,demo
2026-08-12T01:30:00+00:00,evt-secure-0018,user-02,job-06,ctr-06,GPU-DEMO-0001,tritonserver,43.241,78.688,248.34,0.301,model-registry.internal,True,False,False,True,sentinel-7b-demo,True,secure,benign,demo
2026-08-12T01:35:00+00:00,evt-secure-0019,user-03,job-07,ctr-07,GPU-DEMO-0002,python-train,61.501,86.799,209.678,0.178,model-registry.internal,True,False,False,True,sentinel-7b-demo,True,secure,benign,demo
2026-08-12T01:40:00+00:00,evt-secure-0020,user-04,job-08,ctr-08,GPU-DEMO-0003,python-train,62.538,70.086,237.347,0.527,model-registry.internal,True,False,False,True,sentinel-7b-demo,True,secure,benign,demo
2026-08-12T01:45:00+00:00,evt-secure-0021,user-05,job-09,ctr-09,GPU-DEMO-0001,tritonserver,54.587,80.082,235.076,0.248,model-registry.internal,True,False,False,True,sentinel-7b-demo,True,secure,benign,demo
2026-08-12T01:50:00+00:00,evt-secure-0022,user-06,job-10,ctr-10,GPU-DEMO-0002,python-train,84.457,59.553,258.775,0.402,model-registry.internal,True,False,False,True,sentinel-7b-demo,True,secure,benign,demo
2026-08-12T01:55:00+00:00,evt-secure-0023,user-07,job-11,ctr-11,GPU-DEMO-0003,python-train,72.914,63.015,239.69,0.275,model-registry.internal,True,False,False,True,sentinel-7b-demo,True,secure,benign,demo
2026-08-12T02:00:00+00:00,evt-secure-0024,user-00,job-00,ctr-00,GPU-DEMO-0001,tritonserver,51.31,69.836,241.268,0.267,model-registry.internal,True,False,False,True,sentinel-7b-demo,True,secure,benign,demo
2026-08-12T02:05:00+00:00,evt-secure-0025,user-01,job-01,ctr-01,GPU-DEMO-0002,python-train,75.24,77.136,246.8,0.208,model-registry.internal,True,False,False,True,sentinel-7b-demo,True,secure,benign,demo
2026-08-12T02:10:00+00:00,evt-secure-0026,user-02,job-02,ctr-02,GPU-DEMO-0003,python-train,67.879,78.599,265.578,0.143,model-registry.internal,True,False,False,True,sentinel-7b-demo,True,secure,benign,demo
2026-08-12T02:15:00+00:00,evt-secure-0027,user-03,job-03,ctr-03,GPU-DEMO-0001,tritonserver,73.093,73.95,247.465,0.785,model-registry.internal,True,False,False,True,sentinel-7b-demo,True,secure,benign,demo
2026-08-12T02:20:00+00:00,evt-secure-0028,user-04,job-04,ctr-04,GPU-DEMO-0002,python-train,49.734,75.395,240.514,0.154,model-registry.internal,True,False,False,True,sentinel-7b-demo,True,secure,benign,demo
2026-08-12T02:25:00+00:00,evt-secure-0029,user-05,job-05,ctr-05,GPU-DEMO-0003,python-train,60.92,65.04,247.437,0.584,model-registry.internal,True,False,False,True,sentinel-7b-demo,True,secure,benign,demo
2026-08-12T02:30:00+00:00,evt-secure-0030,user-06,job-06,ctr-06,GPU-DEMO-0001,tritonserver,71.53,72.638,217.113,0.474,model-registry.internal,True,False,False,True,sentinel-7b-demo,True,secure,benign,demo
2026-08-12T02:35:00+00:00,evt-secure-0031,user-07,job-07,ctr-07,GPU-DEMO-0002,python-train,72.229,76.203,259.362,0.272,model-registry.internal,True,False,False,True,sentinel-7b-demo,True,secure,benign,demo
2026-08-12T02:40:00+00:00,evt-secure-0032,user-00,job-08,ctr-08,GPU-DEMO-0003,python-train,67.028,91.128,190.305,0.317,model-registry.internal,True,False,False,True,sentinel-7b-demo,True,secure,benign,demo
2026-08-12T02:45:00+00:00,evt-secure-0033,user-01,job-09,ctr-09,GPU-DEMO-0001,tritonserver,73.953,88.213,234.794,0.447,model-registry.internal,True,False,False,True,sentinel-7b-demo,True,secure,benign,demo
2026-08-12T02:50:00+00:00,evt-secure-0034,user-02,job-10,ctr-10,GPU-DEMO-0002,python-train,60.093,73.5,228.218,0.108,model-registry.internal,True,False,False,True,sentinel-7b-demo,True,secure,benign,demo
2026-08-12T02:55:00+00:00,evt-secure-0035,user-03,job-11,ctr-11,GPU-DEMO-0003,python-train,69.025,64.943,242.021,0.363,model-registry.internal,True,False,False,True,sentinel-7b-demo,True,secure,benign,demo
2026-08-12T03:00:00+00:00,evt-secure-0036,user-04,job-00,ctr-00,GPU-DEMO-0001,tritonserver,71.725,78.547,265.969,0.353,model-registry.internal,True,False,False,True,sentinel-7b-demo,True,secure,benign,demo
2026-08-12T03:05:00+00:00,evt-secure-0037,user-05,job-01,ctr-01,GPU-DEMO-0002,python-train,64.43,82.922,246.176,0.307,model-registry.internal,True,False,False,True,sentinel-7b-demo,True,secure,benign,demo
2026-08-12T03:10:00+00:00,evt-secure-0038,user-06,job-02,ctr-02,GPU-DEMO-0003,python-train,80.982,90.012,248.48,0.397,model-registry.internal,True,False,False,True,sentinel-7b-demo,True,secure,benign,demo
2026-08-12T03:15:00+00:00,evt-secure-0039,user-07,job-03,ctr-03,GPU-DEMO-0001,tritonserver,70.093,73.375,247.077,0.491,model-registry.internal,True,False,False,True,sentinel-7b-demo,True,secure,benign,demo
2026-08-12T03:20:00+00:00,evt-secure-0040,user-00,job-04,ctr-04,GPU-DEMO-0002,python-train,55.481,66.778,207.233,0.419,model-registry.internal,True,False,False,True,sentinel-7b-demo,True,secure,benign,demo
2026-08-12T03:25:00+00:00,evt-secure-0041,user-01,job-05,ctr-05,GPU-DEMO-0003,python-train,73.434,76.599,271.528,0.2,model-registry.internal,True,False,False,True,sentinel-7b-demo,True,secure,benign,demo
2026-08-12T03:30:00+00:00,evt-secure-0042,user-02,job-06,ctr-06,GPU-DEMO-0001,tritonserver,63.01,67.045,218.815,0.143,model-registry.internal,True,False,False,True,sentinel-7b-demo,True,secure,benign,demo
2026-08-12T03:35:00+00:00,evt-secure-0043,user-03,job-07,ctr-07,GPU-DEMO-0002,python-train,82.273,99.642,234.224,0.181,model-registry.internal,True,False,False,True,sentinel-7b-demo,True,secure,benign,demo
2026-08-12T03:40:00+00:00,evt-secure-0044,user-04,job-08,ctr-08,GPU-DEMO-0003,python-train,64.781,91.529,271.159,0.26,model-registry.internal,True,False,False,True,sentinel-7b-demo,True,secure,benign,demo
2026-08-12T03:45:00+00:00,evt-secure-0045,user-05,job-09,ctr-09,GPU-DEMO-0001,tritonserver,53.005,79.265,202.637,0.462,model-registry.internal,True,False,False,True,sentinel-7b-demo,True,secure,benign,demo
2026-08-12T03:50:00+00:00,evt-secure-0046,user-06,job-10,ctr-10,GPU-DEMO-0002,python-train,54.758,56.816,242.9,0.131,model-registry.internal,True,False,False,True,sentinel-7b-demo,True,secure,benign,demo
2026-08-12T03:55:00+00:00,evt-secure-0047,user-07,job-11,ctr-11,GPU-DEMO-0003,python-train,70.701,71.474,267.382,0.39,model-registry.internal,True,False,False,True,sentinel-7b-demo,True,secure,benign,demo
2026-08-12T04:00:00+00:00,evt-secure-0048,user-00,job-00,ctr-00,GPU-DEMO-0001,tritonserver,61.794,68.322,183.022,0.273,model-registry.internal,True,False,False,True,sentinel-7b-demo,True,secure,benign,demo
2026-08-12T04:05:00+00:00,evt-secure-0049,user-01,job-01,ctr-01,GPU-DEMO-0002,python-train,68.563,86.735,235.918,0.359,model-registry.internal,True,False,False,True,sentinel-7b-demo,True,secure,benign,demo
2026-08-12T04:10:00+00:00,evt-secure-0050,user-02,job-02,ctr-02,GPU-DEMO-0003,python-train,66.302,62.882,231.994,0.697,model-registry.internal,True,False,False,True,sentinel-7b-demo,True,secure,benign,demo
2026-08-12T04:15:00+00:00,evt-secure-0051,user-03,job-03,ctr-03,GPU-DEMO-0001,tritonserver,67.612,78.359,207.655,0.206,model-registry.internal,True,False,False,True,sentinel-7b-demo,True,secure,benign,demo
2026-08-12T04:20:00+00:00,evt-secure-0052,user-04,job-04,ctr-04,GPU-DEMO-0002,python-train,59.336,88.995,248.617,0.485,model-registry.internal,True,False,False,True,sentinel-7b-demo,True,secure,benign,demo
2026-08-12T04:25:00+00:00,evt-secure-0053,user-05,job-05,ctr-05,GPU-DEMO-0003,python-train,47.973,73.011,246.178,0.239,model-registry.internal,True,False,False,True,sentinel-7b-demo,True,secure,benign,demo
2026-08-12T04:30:00+00:00,evt-secure-0054,user-06,job-06,ctr-06,GPU-DEMO-0001,tritonserver,80.012,88.225,278.276,0.449,model-registry.internal,True,False,False,True,sentinel-7b-demo,True,secure,benign,demo
2026-08-12T04:35:00+00:00,evt-secure-0055,user-07,job-07,ctr-07,GPU-DEMO-0002,python-train,46.445,73.89,223.835,0.072,model-registry.internal,True,False,False,True,sentinel-7b-demo,True,secure,benign,demo
2026-08-12T04:40:00+00:00,evt-secure-0056,user-00,job-08,ctr-08,GPU-DEMO-0003,python-train,58.73,74.685,239.848,0.091,model-registry.internal,True,False,False,True,sentinel-7b-demo,True,secure,benign,demo
2026-08-12T04:45:00+00:00,evt-secure-0057,user-01,job-09,ctr-09,GPU-DEMO-0001,tritonserver,60.103,79.333,230.989,0.376,model-registry.internal,True,False,False,True,sentinel-7b-demo,True,secure,benign,demo
2026-08-12T04:50:00+00:00,evt-secure-0058,user-02,job-10,ctr-10,GPU-DEMO-0002,python-train,79.309,71.828,246.027,0.546,model-registry.internal,True,False,False,True,sentinel-7b-demo,True,secure,benign,demo
2026-08-12T04:55:00+00:00,evt-secure-0059,user-03,job-11,ctr-11,GPU-DEMO-0003,python-train,65.155,79.637,251.137,0.412,model-registry.internal,True,False,False,True,sentinel-7b-demo,True,secure,benign,demo
2026-08-12T05:00:00+00:00,evt-secure-0060,user-04,job-00,ctr-00,GPU-DEMO-0001,tritonserver,57.599,67.074,211.372,0.136,model-registry.internal,True,False,False,True,sentinel-7b-demo,True,secure,benign,demo
2026-08-12T05:05:00+00:00,evt-secure-0061,user-05,job-01,ctr-01,GPU-DEMO-0002,python-train,75.658,91.235,235.581,0.343,model-registry.internal,True,False,False,True,sentinel-7b-demo,True,secure,benign,demo
2026-08-12T05:10:00+00:00,evt-secure-0062,user-06,job-02,ctr-02,GPU-DEMO-0003,python-train,66.247,61.092,228.988,0.38,model-registry.internal,True,False,False,True,sentinel-7b-demo,True,secure,benign,demo
2026-08-12T05:15:00+00:00,evt-secure-0063,user-07,job-03,ctr-03,GPU-DEMO-0001,tritonserver,69.869,66.93,277.88,0.405,model-registry.internal,True,False,False,True,sentinel-7b-demo,True,secure,benign,demo
2026-08-12T05:20:00+00:00,evt-secure-0064,user-00,job-04,ctr-04,GPU-DEMO-0002,python-train,63.271,80.635,218.567,0.164,model-registry.internal,True,False,False,True,sentinel-7b-demo,True,secure,benign,demo
2026-08-12T05:25:00+00:00,evt-secure-0065,user-01,job-05,ctr-05,GPU-DEMO-0003,python-train,71.818,84.198,221.788,0.809,model-registry.internal,True,False,False,True,sentinel-7b-demo,True,secure,benign,demo
2026-08-12T05:30:00+00:00,evt-secure-0066,user-02,job-06,ctr-06,GPU-DEMO-0001,tritonserver,63.035,82.569,254.737,0.257,model-registry.internal,True,False,False,True,sentinel-7b-demo,True,secure,benign,demo
2026-08-12T05:35:00+00:00,evt-secure-0067,user-03,job-07,ctr-07,GPU-DEMO-0002,python-train,67.021,67.957,212.827,0.281,model-registry.internal,True,False,False,True,sentinel-7b-demo,True,secure,benign,demo
2026-08-12T05:40:00+00:00,evt-secure-0068,user-04,job-08,ctr-08,GPU-DEMO-0003,python-train,45.79,75.886,239.174,0.134,model-registry.internal,True,False,False,True,sentinel-7b-demo,True,secure,benign,demo
2026-08-12T05:45:00+00:00,evt-secure-0069,user-05,job-09,ctr-09,GPU-DEMO-0001,tritonserver,61.155,68.15,218.92,1.007,model-registry.internal,True,False,False,True,sentinel-7b-demo,True,secure,benign,demo
2026-08-12T05:50:00+00:00,evt-secure-0070,user-06,job-10,ctr-10,GPU-DEMO-0002,python-train,63.674,67.952,236.677,0.19,model-registry.internal,True,False,False,True,sentinel-7b-demo,True,secure,benign,demo
2026-08-12T05:55:00+00:00,evt-secure-0071,user-07,job-11,ctr-11,GPU-DEMO-0003,python-train,69.111,74.825,227.44,0.242,model-registry.internal,True,False,False,True,sentinel-7b-demo,True,secure,benign,demo
2026-08-12T06:00:00+00:00,evt-secure-0072,user-00,job-00,ctr-00,GPU-DEMO-0001,tritonserver,72.281,84.606,217.061,0.843,model-registry.internal,True,False,False,True,sentinel-7b-demo,True,secure,benign,demo
2026-08-12T06:05:00+00:00,evt-secure-0073,user-01,job-01,ctr-01,GPU-DEMO-0002,python-train,67.264,79.6,250.677,0.307,model-registry.internal,True,False,False,True,sentinel-7b-demo,True,secure,benign,demo
2026-08-12T06:10:00+00:00,evt-secure-0074,user-02,job-02,ctr-02,GPU-DEMO-0003,python-train,67.098,88.537,193.451,1.827,model-registry.internal,True,False,False,True,sentinel-7b-demo,True,secure,benign,demo
2026-08-12T06:15:00+00:00,evt-secure-0075,user-03,job-03,ctr-03,GPU-DEMO-0001,tritonserver,71.858,81.552,214.159,0.457,model-registry.internal,True,False,False,True,sentinel-7b-demo,True,secure,benign,demo
2026-08-12T06:20:00+00:00,evt-secure-0076,user-04,job-04,ctr-04,GPU-DEMO-0002,python-train,73.11,64.184,266.624,0.292,model-registry.internal,True,False,False,True,sentinel-7b-demo,True,secure,benign,demo
2026-08-12T06:25:00+00:00,evt-secure-0077,user-05,job-05,ctr-05,GPU-DEMO-0003,python-train,57.069,73.198,269.193,0.509,model-registry.internal,True,False,False,True,sentinel-7b-demo,True,secure,benign,demo
2026-08-12T06:30:00+00:00,evt-secure-0078,user-06,job-06,ctr-06,GPU-DEMO-0001,tritonserver,61.397,68.418,252.401,0.219,model-registry.internal,True,False,False,True,sentinel-7b-demo,True,secure,benign,demo
2026-08-12T06:35:00+00:00,evt-secure-0079,user-07,job-07,ctr-07,GPU-DEMO-0002,python-train,70.838,68.772,231.73,0.132,model-registry.internal,True,False,False,True,sentinel-7b-demo,True,secure,benign,demo
2026-08-12T06:40:00+00:00,evt-secure-0080,user-00,job-08,ctr-08,GPU-DEMO-0003,python-train,66.015,70.194,209.9,0.272,model-registry.internal,True,False,False,True,sentinel-7b-demo,True,secure,benign,demo
2026-08-12T06:45:00+00:00,evt-secure-0081,user-01,job-09,ctr-09,GPU-DEMO-0001,tritonserver,73.861,57.787,260.036,0.391,model-registry.internal,True,False,False,True,sentinel-7b-demo,True,secure,benign,demo
2026-08-12T06:50:00+00:00,evt-secure-0082,user-02,job-10,ctr-10,GPU-DEMO-0002,python-train,77.586,62.324,233.093,0.171,model-registry.internal,True,False,False,True,sentinel-7b-demo,True,secure,benign,demo
2026-08-12T06:55:00+00:00,evt-secure-0083,user-03,job-11,ctr-11,GPU-DEMO-0003,python-train,67.743,84.99,187.681,0.223,model-registry.internal,True,False,False,True,sentinel-7b-demo,True,secure,benign,demo
2026-08-12T07:00:00+00:00,evt-secure-0084,user-04,job-00,ctr-00,GPU-DEMO-0001,tritonserver,53.97,69.891,238.109,0.283,model-registry.internal,True,False,False,True,sentinel-7b-demo,True,secure,benign,demo
2026-08-12T07:05:00+00:00,evt-secure-0085,user-05,job-01,ctr-01,GPU-DEMO-0002,python-train,73.919,66.786,266.017,0.27,model-registry.internal,True,False,False,True,sentinel-7b-demo,True,secure,benign,demo
2026-08-12T07:10:00+00:00,evt-secure-0086,user-06,job-02,ctr-02,GPU-DEMO-0003,python-train,61.884,73.851,230.964,0.239,model-registry.internal,True,False,False,True,sentinel-7b-demo,True,secure,benign,demo
2026-08-12T07:15:00+00:00,evt-secure-0087,user-07,job-03,ctr-03,GPU-DEMO-0001,tritonserver,65.375,84.312,240.836,0.159,model-registry.internal,True,False,False,True,sentinel-7b-demo,True,secure,benign,demo
2026-08-12T07:20:00+00:00,evt-secure-0088,user-00,job-04,ctr-04,GPU-DEMO-0002,python-train,76.28,75.427,240.094,0.448,model-registry.internal,True,False,False,True,sentinel-7b-demo,True,secure,benign,demo
2026-08-12T07:25:00+00:00,evt-secure-0089,user-01,job-05,ctr-05,GPU-DEMO-0003,python-train,75.64,73.191,189.678,0.233,model-registry.internal,True,False,False,True,sentinel-7b-demo,True,secure,benign,demo
2026-08-12T07:30:00+00:00,evt-secure-0090,user-02,job-06,ctr-06,GPU-DEMO-0001,tritonserver,79.36,74.21,257.275,0.576,model-registry.internal,True,False,False,True,sentinel-7b-demo,True,secure,benign,demo
2026-08-12T07:35:00+00:00,evt-secure-0091,user-03,job-07,ctr-07,GPU-DEMO-0002,python-train,66.995,65.242,202.212,0.104,model-registry.internal,True,False,False,True,sentinel-7b-demo,True,secure,benign,demo
2026-08-12T07:40:00+00:00,evt-secure-0092,user-04,job-08,ctr-08,GPU-DEMO-0003,python-train,60.547,70.805,222.212,0.136,model-registry.internal,True,False,False,True,sentinel-7b-demo,True,secure,benign,demo
2026-08-12T07:45:00+00:00,evt-secure-0093,user-05,job-09,ctr-09,GPU-DEMO-0001,tritonserver,50.787,72.949,223.163,0.174,model-registry.internal,True,False,False,True,sentinel-7b-demo,True,secure,benign,demo
2026-08-12T07:50:00+00:00,evt-secure-0094,user-06,job-10,ctr-10,GPU-DEMO-0002,python-train,76.707,70.911,232.919,0.488,model-registry.internal,True,False,False,True,sentinel-7b-demo,True,secure,benign,demo
2026-08-12T07:55:00+00:00,evt-secure-0095,user-07,job-11,ctr-11,GPU-DEMO-0003,python-train,63.12,84.04,259.672,0.689,model-registry.internal,True,False,False,True,sentinel-7b-demo,True,secure,benign,demo
2026-08-12T08:00:00+00:00,evt-secure-0096,user-00,job-00,ctr-00,GPU-DEMO-0001,tritonserver,87.808,88.841,239.513,0.271,model-registry.internal,True,False,False,True,sentinel-7b-demo,True,secure,benign,demo
2026-08-12T08:05:00+00:00,evt-secure-0097,user-01,job-01,ctr-01,GPU-DEMO-0002,python-train,57.958,65.696,234.179,0.636,model-registry.internal,True,False,False,True,sentinel-7b-demo,True,secure,benign,demo
2026-08-12T08:10:00+00:00,evt-secure-0098,user-02,job-02,ctr-02,GPU-DEMO-0003,python-train,64.166,64.751,228.671,0.097,model-registry.internal,True,False,False,True,sentinel-7b-demo,True,secure,benign,demo
2026-08-12T08:15:00+00:00,evt-secure-0099,user-03,job-03,ctr-03,GPU-DEMO-0001,tritonserver,41.188,64.067,228.446,0.24,model-registry.internal,True,False,False,True,sentinel-7b-demo,True,secure,benign,demo
2026-08-12T08:20:00+00:00,evt-secure-0100,user-04,job-04,ctr-04,GPU-DEMO-0002,python-train,64.747,88.526,239.964,0.485,model-registry.internal,True,False,False,True,sentinel-7b-demo,True,secure,benign,demo
2026-08-12T08:25:00+00:00,evt-secure-0101,user-05,job-05,ctr-05,GPU-DEMO-0003,python-train,63.278,62.286,242.247,0.268,model-registry.internal,True,False,False,True,sentinel-7b-demo,True,secure,benign,demo
2026-08-12T08:30:00+00:00,evt-secure-0102,user-06,job-06,ctr-06,GPU-DEMO-0001,tritonserver,70.755,68.917,245.118,0.086,model-registry.internal,True,False,False,True,sentinel-7b-demo,True,secure,benign,demo
2026-08-12T08:35:00+00:00,evt-secure-0103,user-07,job-07,ctr-07,GPU-DEMO-0002,python-train,84.377,71.058,216.601,0.288,model-registry.internal,True,False,False,True,sentinel-7b-demo,True,secure,benign,demo
2026-08-12T08:40:00+00:00,evt-secure-0104,user-00,job-08,ctr-08,GPU-DEMO-0003,python-train,61.747,62.266,192.479,0.184,model-registry.internal,True,False,False,True,sentinel-7b-demo,True,secure,benign,demo
2026-08-12T08:45:00+00:00,evt-secure-0105,user-01,job-09,ctr-09,GPU-DEMO-0001,tritonserver,68.023,70.553,215.836,0.349,model-registry.internal,True,False,False,True,sentinel-7b-demo,True,secure,benign,demo
2026-08-12T08:50:00+00:00,evt-secure-0106,user-02,job-10,ctr-10,GPU-DEMO-0002,python-train,56.669,71.374,234.451,0.392,model-registry.internal,True,False,False,True,sentinel-7b-demo,True,secure,benign,demo
2026-08-12T08:55:00+00:00,evt-secure-0107,user-03,job-11,ctr-11,GPU-DEMO-0003,python-train,58.04,72.964,247.17,0.217,model-registry.internal,True,False,False,True,sentinel-7b-demo,True,secure,benign,demo
2026-08-12T09:00:00+00:00,evt-secure-0108,user-04,job-00,ctr-00,GPU-DEMO-0001,tritonserver,50.48,69.97,241.642,0.285,model-registry.internal,True,False,False,True,sentinel-7b-demo,True,secure,benign,demo
2026-08-12T09:05:00+00:00,evt-secure-0109,user-05,job-01,ctr-01,GPU-DEMO-0002,python-train,73.412,82.651,230.713,0.24,model-registry.internal,True,False,False,True,sentinel-7b-demo,True,secure,benign,demo
2026-08-12T09:10:00+00:00,evt-secure-0110,user-06,job-02,ctr-02,GPU-DEMO-0003,python-train,69.471,78.397,236.738,0.315,model-registry.internal,True,False,False,True,sentinel-7b-demo,True,secure,benign,demo
2026-08-12T09:15:00+00:00,evt-secure-0111,user-07,job-03,ctr-03,GPU-DEMO-0001,tritonserver,68.525,83.025,230.1,0.373,model-registry.internal,True,False,False,True,sentinel-7b-demo,True,secure,benign,demo
2026-08-12T09:20:00+00:00,evt-secure-0112,user-00,job-04,ctr-04,GPU-DEMO-0002,python-train,74.872,66.163,256.852,0.286,model-registry.internal,True,False,False,True,sentinel-7b-demo,True,secure,benign,demo
2026-08-12T09:25:00+00:00,evt-secure-0113,user-01,job-05,ctr-05,GPU-DEMO-0003,python-train,57.63,74.041,242.141,0.668,model-registry.internal,True,False,False,True,sentinel-7b-demo,True,secure,benign,demo
2026-08-12T09:30:00+00:00,evt-secure-0114,user-02,job-06,ctr-06,GPU-DEMO-0001,tritonserver,71.43,65.721,265.22,0.328,model-registry.internal,True,False,False,True,sentinel-7b-demo,True,secure,benign,demo
2026-08-12T09:35:00+00:00,evt-secure-0115,user-03,job-07,ctr-07,GPU-DEMO-0002,python-train,73.325,77.014,234.54,0.568,model-registry.internal,True,False,False,True,sentinel-7b-demo,True,secure,benign,demo
2026-08-12T09:40:00+00:00,evt-secure-0116,user-04,job-08,ctr-08,GPU-DEMO-0003,python-train,68.811,67.465,209.0,0.205,model-registry.internal,True,False,False,True,sentinel-7b-demo,True,secure,benign,demo
2026-08-12T09:45:00+00:00,evt-secure-0117,user-05,job-09,ctr-09,GPU-DEMO-0001,tritonserver,65.453,79.816,233.718,0.404,model-registry.internal,True,False,False,True,sentinel-7b-demo,True,secure,benign,demo
2026-08-12T09:50:00+00:00,evt-secure-0118,user-06,job-10,ctr-10,GPU-DEMO-0002,python-train,65.489,53.61,239.331,0.36,model-registry.internal,True,False,False,True,sentinel-7b-demo,True,secure,benign,demo
2026-08-12T09:55:00+00:00,evt-secure-0119,user-07,job-11,ctr-11,GPU-DEMO-0003,python-train,73.644,74.456,243.415,0.341,model-registry.internal,True,False,False,True,sentinel-7b-demo,True,secure,benign,demo
2026-08-12T10:00:00+00:00,evt-secure-0120,user-00,job-00,ctr-00,GPU-DEMO-0001,tritonserver,68.819,85.45,227.313,0.621,model-registry.internal,True,False,False,True,sentinel-7b-demo,True,secure,benign,demo
2026-08-12T10:05:00+00:00,evt-secure-0121,user-01,job-01,ctr-01,GPU-DEMO-0002,python-train,56.475,63.132,187.576,0.258,model-registry.internal,True,False,False,True,sentinel-7b-demo,True,secure,benign,demo
2026-08-12T10:10:00+00:00,evt-secure-0122,user-02,job-02,ctr-02,GPU-DEMO-0003,python-train,53.886,59.003,239.278,0.191,model-registry.internal,True,False,False,True,sentinel-7b-demo,True,secure,benign,demo
2026-08-12T10:15:00+00:00,evt-secure-0123,user-03,job-03,ctr-03,GPU-DEMO-0001,tritonserver,63.588,72.932,203.854,0.24,model-registry.internal,True,False,False,True,sentinel-7b-demo,True,secure,benign,demo
2026-08-12T10:20:00+00:00,evt-secure-0124,user-04,job-04,ctr-04,GPU-DEMO-0002,python-train,61.17,61.5,261.463,0.299,model-registry.internal,True,False,False,True,sentinel-7b-demo,True,secure,benign,demo
2026-08-12T10:25:00+00:00,evt-secure-0125,user-05,job-05,ctr-05,GPU-DEMO-0003,python-train,62.848,81.244,241.327,0.241,model-registry.internal,True,False,False,True,sentinel-7b-demo,True,secure,benign,demo
2026-08-12T10:30:00+00:00,evt-secure-0126,user-06,job-06,ctr-06,GPU-DEMO-0001,tritonserver,88.47,84.102,251.149,0.376,model-registry.internal,True,False,False,True,sentinel-7b-demo,True,secure,benign,demo
2026-08-12T10:35:00+00:00,evt-secure-0127,user-07,job-07,ctr-07,GPU-DEMO-0002,python-train,55.777,86.015,245.086,0.278,model-registry.internal,True,False,False,True,sentinel-7b-demo,True,secure,benign,demo
2026-08-12T10:40:00+00:00,evt-secure-0128,user-00,job-08,ctr-08,GPU-DEMO-0003,python-train,72.469,70.452,205.715,0.299,model-registry.internal,True,False,False,True,sentinel-7b-demo,True,secure,benign,demo
2026-08-12T10:45:00+00:00,evt-secure-0129,user-01,job-09,ctr-09,GPU-DEMO-0001,tritonserver,59.75,68.841,252.645,0.931,model-registry.internal,True,False,False,True,sentinel-7b-demo,True,secure,benign,demo
2026-08-12T10:50:00+00:00,evt-secure-0130,user-02,job-10,ctr-10,GPU-DEMO-0002,python-train,59.606,83.791,221.244,0.581,model-registry.internal,True,False,False,True,sentinel-7b-demo,True,secure,benign,demo
2026-08-12T10:55:00+00:00,evt-secure-0131,user-03,job-11,ctr-11,GPU-DEMO-0003,python-train,90.408,66.326,240.841,0.25,model-registry.internal,True,False,False,True,sentinel-7b-demo,True,secure,benign,demo
2026-08-12T11:00:00+00:00,evt-secure-0132,user-04,job-00,ctr-00,GPU-DEMO-0001,tritonserver,81.601,72.126,211.099,0.19,model-registry.internal,True,False,False,True,sentinel-7b-demo,True,secure,benign,demo
2026-08-12T11:05:00+00:00,evt-secure-0133,user-05,job-01,ctr-01,GPU-DEMO-0002,python-train,64.269,73.454,201.395,0.41,model-registry.internal,True,False,False,True,sentinel-7b-demo,True,secure,benign,demo
2026-08-12T11:10:00+00:00,evt-secure-0134,user-06,job-02,ctr-02,GPU-DEMO-0003,python-train,45.168,67.42,200.621,0.345,model-registry.internal,True,False,False,True,sentinel-7b-demo,True,secure,benign,demo
2026-08-12T11:15:00+00:00,evt-secure-0135,user-07,job-03,ctr-03,GPU-DEMO-0001,tritonserver,72.869,78.51,260.471,0.318,model-registry.internal,True,False,False,True,sentinel-7b-demo,True,secure,benign,demo
2026-08-12T11:20:00+00:00,evt-secure-0136,user-00,job-04,ctr-04,GPU-DEMO-0002,python-train,89.069,72.14,223.352,0.563,model-registry.internal,True,False,False,True,sentinel-7b-demo,True,secure,benign,demo
2026-08-12T11:25:00+00:00,evt-secure-0137,user-01,job-05,ctr-05,GPU-DEMO-0003,python-train,68.199,71.013,207.007,0.083,model-registry.internal,True,False,False,True,sentinel-7b-demo,True,secure,benign,demo
2026-08-12T11:30:00+00:00,evt-secure-0138,user-02,job-06,ctr-06,GPU-DEMO-0001,tritonserver,74.417,72.26,212.605,0.677,model-registry.internal,True,False,False,True,sentinel-7b-demo,True,secure,benign,demo
2026-08-12T11:35:00+00:00,evt-secure-0139,user-03,job-07,ctr-07,GPU-DEMO-0002,python-train,63.886,84.603,202.033,0.11,model-registry.internal,True,False,False,True,sentinel-7b-demo,True,secure,benign,demo
2026-08-12T11:40:00+00:00,evt-secure-0140,user-04,job-08,ctr-08,GPU-DEMO-0003,python-train,46.922,82.507,190.567,0.225,model-registry.internal,True,False,False,True,sentinel-7b-demo,True,secure,benign,demo
2026-08-12T11:45:00+00:00,evt-secure-0141,user-05,job-09,ctr-09,GPU-DEMO-0001,tritonserver,66.099,47.764,188.973,0.298,model-registry.internal,True,False,False,True,sentinel-7b-demo,True,secure,benign,demo
2026-08-12T11:50:00+00:00,evt-secure-0142,user-06,job-10,ctr-10,GPU-DEMO-0002,python-train,58.068,71.233,206.532,0.283,model-registry.internal,True,False,False,True,sentinel-7b-demo,True,secure,benign,demo
2026-08-12T11:55:00+00:00,evt-secure-0143,user-07,job-11,ctr-11,GPU-DEMO-0003,python-train,62.987,77.651,269.39,0.329,model-registry.internal,True,False,False,True,sentinel-7b-demo,True,secure,benign,demo
2026-08-12T12:00:00+00:00,evt-secure-0144,user-00,job-00,ctr-00,GPU-DEMO-0001,tritonserver,67.477,70.641,233.752,0.486,model-registry.internal,True,False,False,True,sentinel-7b-demo,True,secure,benign,demo
2026-08-12T12:05:00+00:00,evt-secure-0145,user-01,job-01,ctr-01,GPU-DEMO-0002,python-train,51.378,65.344,196.885,0.74,model-registry.internal,True,False,False,True,sentinel-7b-demo,True,secure,benign,demo
2026-08-12T12:10:00+00:00,evt-secure-0146,user-02,job-02,ctr-02,GPU-DEMO-0003,python-train,78.495,75.178,194.119,0.566,model-registry.internal,True,False,False,True,sentinel-7b-demo,True,secure,benign,demo
2026-08-12T12:15:00+00:00,evt-secure-0147,user-03,job-03,ctr-03,GPU-DEMO-0001,tritonserver,56.163,64.277,230.695,0.43,model-registry.internal,True,False,False,True,sentinel-7b-demo,True,secure,benign,demo
2026-08-12T12:20:00+00:00,evt-secure-0148,user-04,job-04,ctr-04,GPU-DEMO-0002,python-train,63.739,69.172,172.84,0.183,model-registry.internal,True,False,False,True,sentinel-7b-demo,True,secure,benign,demo
2026-08-12T12:25:00+00:00,evt-secure-0149,user-05,job-05,ctr-05,GPU-DEMO-0003,python-train,72.027,63.799,197.09,0.255,model-registry.internal,True,False,False,True,sentinel-7b-demo,True,secure,benign,demo
2026-08-12T12:30:00+00:00,evt-secure-0150,user-06,job-06,ctr-06,GPU-DEMO-0001,tritonserver,63.704,59.756,239.513,0.454,model-registry.internal,True,False,False,True,sentinel-7b-demo,True,secure,benign,demo
2026-08-12T12:35:00+00:00,evt-secure-0151,user-07,job-07,ctr-07,GPU-DEMO-0002,python-train,65.057,82.238,254.724,0.567,model-registry.internal,True,False,False,True,sentinel-7b-demo,True,secure,benign,demo
2026-08-12T12:40:00+00:00,evt-secure-0152,user-00,job-08,ctr-08,GPU-DEMO-0003,python-train,59.548,56.763,276.028,0.22,model-registry.internal,True,False,False,True,sentinel-7b-demo,True,secure,benign,demo
2026-08-12T12:45:00+00:00,evt-secure-0153,user-01,job-09,ctr-09,GPU-DEMO-0001,tritonserver,72.082,79.007,258.406,0.406,model-registry.internal,True,False,False,True,sentinel-7b-demo,True,secure,benign,demo
2026-08-12T12:50:00+00:00,evt-secure-0154,user-02,job-10,ctr-10,GPU-DEMO-0002,python-train,68.954,75.843,257.974,0.161,model-registry.internal,True,False,False,True,sentinel-7b-demo,True,secure,benign,demo
2026-08-12T12:55:00+00:00,evt-secure-0155,user-03,job-11,ctr-11,GPU-DEMO-0003,python-train,56.914,72.847,253.423,0.169,model-registry.internal,True,False,False,True,sentinel-7b-demo,True,secure,benign,demo
2026-08-12T13:00:00+00:00,evt-secure-0156,user-04,job-00,ctr-00,GPU-DEMO-0001,tritonserver,59.48,81.785,218.794,0.19,model-registry.internal,True,False,False,True,sentinel-7b-demo,True,secure,benign,demo
2026-08-12T13:05:00+00:00,evt-secure-0157,user-05,job-01,ctr-01,GPU-DEMO-0002,python-train,58.948,67.146,236.86,0.353,model-registry.internal,True,False,False,True,sentinel-7b-demo,True,secure,benign,demo
2026-08-12T13:10:00+00:00,evt-secure-0158,user-06,job-02,ctr-02,GPU-DEMO-0003,python-train,75.356,72.693,269.831,0.184,model-registry.internal,True,False,False,True,sentinel-7b-demo,True,secure,benign,demo
2026-08-12T13:15:00+00:00,evt-secure-0159,user-07,job-03,ctr-03,GPU-DEMO-0001,tritonserver,64.976,67.811,198.526,0.292,model-registry.internal,True,False,False,True,sentinel-7b-demo,True,secure,benign,demo
2026-08-12T13:20:00+00:00,evt-secure-0160,user-00,job-04,ctr-04,GPU-DEMO-0002,python-train,62.962,86.959,217.504,0.423,model-registry.internal,True,False,False,True,sentinel-7b-demo,True,secure,benign,demo
2026-08-12T13:25:00+00:00,evt-secure-0161,user-01,job-05,ctr-05,GPU-DEMO-0003,python-train,61.192,67.396,200.538,0.763,model-registry.internal,True,False,False,True,sentinel-7b-demo,True,secure,benign,demo
2026-08-12T13:30:00+00:00,evt-secure-0162,user-02,job-06,ctr-06,GPU-DEMO-0001,tritonserver,52.027,60.523,222.492,0.264,model-registry.internal,True,False,False,True,sentinel-7b-demo,True,secure,benign,demo
2026-08-12T13:35:00+00:00,evt-secure-0163,user-03,job-07,ctr-07,GPU-DEMO-0002,python-train,60.163,72.615,224.633,0.14,model-registry.internal,True,False,False,True,sentinel-7b-demo,True,secure,benign,demo
2026-08-12T13:40:00+00:00,evt-secure-0164,user-04,job-08,ctr-08,GPU-DEMO-0003,python-train,69.398,76.803,172.935,0.422,model-registry.internal,True,False,False,True,sentinel-7b-demo,True,secure,benign,demo
2026-08-12T13:45:00+00:00,evt-secure-0165,user-05,job-09,ctr-09,GPU-DEMO-0001,tritonserver,60.463,75.986,218.817,0.544,model-registry.internal,True,False,False,True,sentinel-7b-demo,True,secure,benign,demo
2026-08-12T13:50:00+00:00,evt-secure-0166,user-06,job-10,ctr-10,GPU-DEMO-0002,python-train,72.758,60.571,228.719,0.164,model-registry.internal,True,False,False,True,sentinel-7b-demo,True,secure,benign,demo
2026-08-12T13:55:00+00:00,evt-secure-0167,user-07,job-11,ctr-11,GPU-DEMO-0003,python-train,71.198,82.884,237.6,0.264,model-registry.internal,True,False,False,True,sentinel-7b-demo,True,secure,benign,demo
2026-08-12T14:00:00+00:00,evt-secure-0168,user-00,job-00,ctr-00,GPU-DEMO-0001,tritonserver,60.786,63.634,260.041,0.186,model-registry.internal,True,False,False,True,sentinel-7b-demo,True,secure,benign,demo
2026-08-12T14:05:00+00:00,evt-secure-0169,user-01,job-01,ctr-01,GPU-DEMO-0002,python-train,45.674,89.408,242.804,0.597,model-registry.internal,True,False,False,True,sentinel-7b-demo,True,secure,benign,demo
2026-08-12T14:10:00+00:00,evt-secure-0170,user-02,job-02,ctr-02,GPU-DEMO-0003,python-train,67.647,75.845,258.54,0.22,model-registry.internal,True,False,False,True,sentinel-7b-demo,True,secure,benign,demo
2026-08-12T14:15:00+00:00,evt-secure-0171,user-03,job-03,ctr-03,GPU-DEMO-0001,tritonserver,47.403,85.352,279.665,0.209,model-registry.internal,True,False,False,True,sentinel-7b-demo,True,secure,benign,demo
2026-08-12T14:20:00+00:00,evt-secure-0172,user-04,job-04,ctr-04,GPU-DEMO-0002,python-train,84.117,82.585,252.368,0.563,model-registry.internal,True,False,False,True,sentinel-7b-demo,True,secure,benign,demo
2026-08-12T14:25:00+00:00,evt-secure-0173,user-05,job-05,ctr-05,GPU-DEMO-0003,python-train,75.278,80.863,226.67,0.395,model-registry.internal,True,False,False,True,sentinel-7b-demo,True,secure,benign,demo
2026-08-12T14:30:00+00:00,evt-secure-0174,user-06,job-06,ctr-06,GPU-DEMO-0001,tritonserver,63.071,74.862,210.475,0.242,model-registry.internal,True,False,False,True,sentinel-7b-demo,True,secure,benign,demo
2026-08-12T14:35:00+00:00,evt-secure-0175,user-07,job-07,ctr-07,GPU-DEMO-0002,python-train,67.685,87.981,220.57,2.001,model-registry.internal,True,False,False,True,sentinel-7b-demo,True,secure,benign,demo
2026-08-12T14:40:00+00:00,evt-secure-0176,user-00,job-08,ctr-08,GPU-DEMO-0003,python-train,60.642,79.254,239.524,0.55,model-registry.internal,True,False,False,True,sentinel-7b-demo,True,secure,benign,demo
2026-08-12T14:45:00+00:00,evt-secure-0177,user-01,job-09,ctr-09,GPU-DEMO-0001,tritonserver,71.744,67.028,205.651,0.331,model-registry.internal,True,False,False,True,sentinel-7b-demo,True,secure,benign,demo
2026-08-12T14:50:00+00:00,evt-secure-0178,user-02,job-10,ctr-10,GPU-DEMO-0002,python-train,68.712,67.182,256.757,0.212,model-registry.internal,True,False,False,True,sentinel-7b-demo,True,secure,benign,demo
2026-08-12T14:55:00+00:00,evt-secure-0179,user-03,job-11,ctr-11,GPU-DEMO-0003,python-train,76.171,77.878,219.356,0.205,model-registry.internal,True,False,False,True,sentinel-7b-demo,True,secure,benign,demo
2026-08-12T15:00:00+00:00,evt-secure-0180,user-04,job-00,ctr-00,GPU-DEMO-0001,tritonserver,66.975,77.954,232.092,0.209,model-registry.internal,True,False,False,True,sentinel-7b-demo,True,secure,benign,demo
2026-08-12T15:05:00+00:00,evt-secure-0181,user-05,job-01,ctr-01,GPU-DEMO-0002,python-train,65.062,74.203,241.999,0.487,model-registry.internal,True,False,False,True,sentinel-7b-demo,True,secure,benign,demo
2026-08-12T15:10:00+00:00,evt-secure-0182,user-06,job-02,ctr-02,GPU-DEMO-0003,python-train,66.69,63.905,240.044,0.143,model-registry.internal,True,False,False,True,sentinel-7b-demo,True,secure,benign,demo
2026-08-12T15:15:00+00:00,evt-secure-0183,user-07,job-03,ctr-03,GPU-DEMO-0001,tritonserver,55.186,75.243,232.597,0.313,model-registry.internal,True,False,False,True,sentinel-7b-demo,True,secure,benign,demo
2026-08-12T15:20:00+00:00,evt-secure-0184,user-00,job-04,ctr-04,GPU-DEMO-0002,python-train,70.453,72.365,210.889,0.425,model-registry.internal,True,False,False,True,sentinel-7b-demo,True,secure,benign,demo
2026-08-12T15:25:00+00:00,evt-secure-0185,user-01,job-05,ctr-05,GPU-DEMO-0003,python-train,68.334,75.636,229.961,0.11,model-registry.internal,True,False,False,True,sentinel-7b-demo,True,secure,benign,demo
2026-08-12T15:30:00+00:00,evt-secure-0186,user-02,job-06,ctr-06,GPU-DEMO-0001,tritonserver,74.347,75.573,214.716,0.318,model-registry.internal,True,False,False,True,sentinel-7b-demo,True,secure,benign,demo
2026-08-12T15:35:00+00:00,evt-secure-0187,user-03,job-07,ctr-07,GPU-DEMO-0002,python-train,57.644,70.117,228.254,1.098,model-registry.internal,True,False,False,True,sentinel-7b-demo,True,secure,benign,demo
2026-08-12T15:40:00+00:00,evt-secure-0188,user-04,job-08,ctr-08,GPU-DEMO-0003,python-train,57.018,61.875,231.957,0.284,model-registry.internal,True,False,False,True,sentinel-7b-demo,True,secure,benign,demo
2026-08-12T15:45:00+00:00,evt-secure-0189,user-05,job-09,ctr-09,GPU-DEMO-0001,tritonserver,60.158,68.338,257.37,0.276,model-registry.internal,True,False,False,True,sentinel-7b-demo,True,secure,benign,demo
2026-08-12T15:50:00+00:00,evt-secure-0190,user-06,job-10,ctr-10,GPU-DEMO-0002,python-train,53.747,78.255,225.276,0.585,model-registry.internal,True,False,False,True,sentinel-7b-demo,True,secure,benign,demo
2026-08-12T15:55:00+00:00,evt-secure-0191,user-07,job-11,ctr-11,GPU-DEMO-0003,python-train,71.088,64.206,219.067,0.251,model-registry.internal,True,False,False,True,sentinel-7b-demo,True,secure,benign,demo
2026-08-12T16:00:00+00:00,evt-secure-0192,user-00,job-00,ctr-00,GPU-DEMO-0001,tritonserver,58.035,82.417,235.086,0.349,model-registry.internal,True,False,False,True,sentinel-7b-demo,True,secure,benign,demo
2026-08-12T16:05:00+00:00,evt-secure-0193,user-01,job-01,ctr-01,GPU-DEMO-0002,python-train,46.872,68.117,227.194,0.364,model-registry.internal,True,False,False,True,sentinel-7b-demo,True,secure,benign,demo
2026-08-12T16:10:00+00:00,evt-secure-0194,user-02,job-02,ctr-02,GPU-DEMO-0003,python-train,82.025,82.719,207.596,0.433,model-registry.internal,True,False,False,True,sentinel-7b-demo,True,secure,benign,demo
2026-08-12T16:15:00+00:00,evt-secure-0195,user-03,job-03,ctr-03,GPU-DEMO-0001,tritonserver,79.539,85.202,181.251,0.655,model-registry.internal,True,False,False,True,sentinel-7b-demo,True,secure,benign,demo
2026-08-12T16:20:00+00:00,evt-secure-0196,user-04,job-04,ctr-04,GPU-DEMO-0002,python-train,65.56,71.558,275.733,0.23,model-registry.internal,True,False,False,True,sentinel-7b-demo,True,secure,benign,demo
2026-08-12T16:25:00+00:00,evt-secure-0197,user-05,job-05,ctr-05,GPU-DEMO-0003,python-train,58.894,70.986,215.27,0.673,model-registry.internal,True,False,False,True,sentinel-7b-demo,True,secure,benign,demo
2026-08-12T16:30:00+00:00,evt-secure-0198,user-06,job-06,ctr-06,GPU-DEMO-0001,tritonserver,62.509,75.584,230.988,0.405,model-registry.internal,True,False,False,True,sentinel-7b-demo,True,secure,benign,demo
2026-08-12T16:35:00+00:00,evt-secure-0199,user-07,job-07,ctr-07,GPU-DEMO-0002,python-train,65.147,66.602,245.578,0.194,model-registry.internal,True,False,False,True,sentinel-7b-demo,True,secure,benign,demo
2026-08-12T16:40:00+00:00,evt-secure-0200,user-00,job-08,ctr-08,GPU-DEMO-0003,python-train,69.173,62.788,241.793,0.129,model-registry.internal,True,False,False,True,sentinel-7b-demo,True,secure,benign,demo
2026-08-12T16:45:00+00:00,evt-secure-0201,user-01,job-09,ctr-09,GPU-DEMO-0001,tritonserver,68.673,70.069,218.014,0.405,model-registry.internal,True,False,False,True,sentinel-7b-demo,True,secure,benign,demo
2026-08-12T16:50:00+00:00,evt-secure-0202,user-02,job-10,ctr-10,GPU-DEMO-0002,python-train,59.536,75.276,235.366,0.275,model-registry.internal,True,False,False,True,sentinel-7b-demo,True,secure,benign,demo
2026-08-12T16:55:00+00:00,evt-secure-0203,user-03,job-11,ctr-11,GPU-DEMO-0003,python-train,62.086,68.987,210.036,0.355,model-registry.internal,True,False,False,True,sentinel-7b-demo,True,secure,benign,demo
2026-08-12T17:00:00+00:00,evt-secure-0204,user-04,job-00,ctr-00,GPU-DEMO-0001,tritonserver,56.3,79.617,255.304,0.22,model-registry.internal,True,False,False,True,sentinel-7b-demo,True,secure,benign,demo
2026-08-12T17:05:00+00:00,evt-secure-0205,user-05,job-01,ctr-01,GPU-DEMO-0002,python-train,67.409,72.753,256.391,0.184,model-registry.internal,True,False,False,True,sentinel-7b-demo,True,secure,benign,demo
2026-08-12T17:10:00+00:00,evt-secure-0206,user-06,job-02,ctr-02,GPU-DEMO-0003,python-train,63.62,63.974,256.744,0.356,model-registry.internal,True,False,False,True,sentinel-7b-demo,True,secure,benign,demo
2026-08-12T17:15:00+00:00,evt-secure-0207,user-07,job-03,ctr-03,GPU-DEMO-0001,tritonserver,51.312,70.906,210.845,0.131,model-registry.internal,True,False,False,True,sentinel-7b-demo,True,secure,benign,demo
2026-08-12T17:20:00+00:00,evt-secure-0208,user-00,job-04,ctr-04,GPU-DEMO-0002,python-train,53.079,62.786,244.027,0.463,model-registry.internal,True,False,False,True,sentinel-7b-demo,True,secure,benign,demo
2026-08-12T17:25:00+00:00,evt-secure-0209,user-01,job-05,ctr-05,GPU-DEMO-0003,python-train,64.925,64.733,219.507,0.261,model-registry.internal,True,False,False,True,sentinel-7b-demo,True,secure,benign,demo
2026-08-12T17:30:00+00:00,evt-secure-0210,user-02,job-06,ctr-06,GPU-DEMO-0001,tritonserver,62.2,79.091,249.114,0.143,model-registry.internal,True,False,False,True,sentinel-7b-demo,True,secure,benign,demo
2026-08-12T17:35:00+00:00,evt-secure-0211,user-03,job-07,ctr-07,GPU-DEMO-0002,python-train,77.406,79.159,222.599,0.985,model-registry.internal,True,False,False,True,sentinel-7b-demo,True,secure,benign,demo
2026-08-12T17:40:00+00:00,evt-secure-0212,user-04,job-08,ctr-08,GPU-DEMO-0003,python-train,69.918,67.61,244.637,0.451,model-registry.internal,True,False,False,True,sentinel-7b-demo,True,secure,benign,demo
2026-08-12T17:45:00+00:00,evt-secure-0213,user-05,job-09,ctr-09,GPU-DEMO-0001,tritonserver,72.275,70.205,222.578,0.501,model-registry.internal,True,False,False,True,sentinel-7b-demo,True,secure,benign,demo
2026-08-12T17:50:00+00:00,evt-secure-0214,user-06,job-10,ctr-10,GPU-DEMO-0002,python-train,67.472,59.492,183.277,0.356,model-registry.internal,True,False,False,True,sentinel-7b-demo,True,secure,benign,demo
2026-08-12T17:55:00+00:00,evt-secure-0215,user-07,job-11,ctr-11,GPU-DEMO-0003,python-train,74.167,61.661,201.187,0.347,model-registry.internal,True,False,False,True,sentinel-7b-demo,True,secure,benign,demo
2026-08-12T18:00:00+00:00,evt-secure-0216,user-00,job-00,ctr-00,GPU-DEMO-0001,tritonserver,76.826,76.596,228.733,0.129,model-registry.internal,True,False,False,True,sentinel-7b-demo,True,secure,benign,demo
2026-08-12T18:05:00+00:00,evt-secure-0217,user-01,job-01,ctr-01,GPU-DEMO-0002,python-train,74.577,69.749,259.446,0.719,model-registry.internal,True,False,False,True,sentinel-7b-demo,True,secure,benign,demo
2026-08-12T18:10:00+00:00,evt-secure-0218,user-02,job-02,ctr-02,GPU-DEMO-0003,python-train,55.865,72.604,194.933,0.594,model-registry.internal,True,False,False,True,sentinel-7b-demo,True,secure,benign,demo
2026-08-12T18:15:00+00:00,evt-secure-0219,user-03,job-03,ctr-03,GPU-DEMO-0001,tritonserver,61.07,77.266,202.57,0.218,model-registry.internal,True,False,False,True,sentinel-7b-demo,True,secure,benign,demo
2026-08-12T18:20:00+00:00,evt-secure-0220,user-04,job-04,ctr-04,GPU-DEMO-0002,python-train,69.085,75.322,275.913,0.18,model-registry.internal,True,False,False,True,sentinel-7b-demo,True,secure,benign,demo
2026-08-12T18:25:00+00:00,evt-secure-0221,user-05,job-05,ctr-05,GPU-DEMO-0003,python-train,79.968,68.078,234.578,0.197,model-registry.internal,True,False,False,True,sentinel-7b-demo,True,secure,benign,demo
2026-08-12T18:30:00+00:00,evt-secure-0222,user-06,job-06,ctr-06,GPU-DEMO-0001,tritonserver,55.707,76.615,247.576,0.213,model-registry.internal,True,False,False,True,sentinel-7b-demo,True,secure,benign,demo
2026-08-12T18:35:00+00:00,evt-secure-0223,user-07,job-07,ctr-07,GPU-DEMO-0002,python-train,75.115,67.308,262.529,0.653,model-registry.internal,True,False,False,True,sentinel-7b-demo,True,secure,benign,demo
2026-08-12T18:40:00+00:00,evt-secure-0224,user-00,job-08,ctr-08,GPU-DEMO-0003,python-train,71.079,74.434,226.464,0.557,model-registry.internal,True,False,False,True,sentinel-7b-demo,True,secure,benign,demo
2026-08-12T18:45:00+00:00,evt-secure-0225,user-01,job-09,ctr-09,GPU-DEMO-0001,tritonserver,59.637,86.526,207.921,0.207,model-registry.internal,True,False,False,True,sentinel-7b-demo,True,secure,benign,demo
2026-08-12T18:50:00+00:00,evt-secure-0226,user-02,job-10,ctr-10,GPU-DEMO-0002,python-train,72.85,78.762,271.401,0.234,model-registry.internal,True,False,False,True,sentinel-7b-demo,True,secure,benign,demo
2026-08-12T18:55:00+00:00,evt-secure-0227,user-03,job-11,ctr-11,GPU-DEMO-0003,python-train,63.879,79.37,227.155,0.172,model-registry.internal,True,False,False,True,sentinel-7b-demo,True,secure,benign,demo
2026-08-12T19:00:00+00:00,evt-secure-0228,user-04,job-00,ctr-00,GPU-DEMO-0001,tritonserver,72.758,62.012,253.719,0.436,model-registry.internal,True,False,False,True,sentinel-7b-demo,True,secure,benign,demo
2026-08-12T19:05:00+00:00,evt-secure-0229,user-05,job-01,ctr-01,GPU-DEMO-0002,python-train,52.59,67.897,215.001,0.245,model-registry.internal,True,False,False,True,sentinel-7b-demo,True,secure,benign,demo
2026-08-12T19:10:00+00:00,evt-secure-0230,user-06,job-02,ctr-02,GPU-DEMO-0003,python-train,69.946,78.03,261.216,0.223,model-registry.internal,True,False,False,True,sentinel-7b-demo,True,secure,benign,demo
2026-08-12T19:15:00+00:00,evt-secure-0231,user-07,job-03,ctr-03,GPU-DEMO-0001,tritonserver,63.273,86.654,256.578,0.156,model-registry.internal,True,False,False,True,sentinel-7b-demo,True,secure,benign,demo
2026-08-12T19:20:00+00:00,evt-secure-0232,user-00,job-04,ctr-04,GPU-DEMO-0002,python-train,67.542,68.782,224.793,0.427,model-registry.internal,True,False,False,True,sentinel-7b-demo,True,secure,benign,demo
2026-08-12T19:25:00+00:00,evt-secure-0233,user-01,job-05,ctr-05,GPU-DEMO-0003,python-train,71.162,65.394,244.423,0.375,model-registry.internal,True,False,False,True,sentinel-7b-demo,True,secure,benign,demo
2026-08-12T19:30:00+00:00,evt-secure-0234,user-02,job-06,ctr-06,GPU-DEMO-0001,tritonserver,59.308,75.25,234.759,0.316,model-registry.internal,True,False,False,True,sentinel-7b-demo,True,secure,benign,demo
2026-08-12T19:35:00+00:00,evt-secure-0235,user-03,job-07,ctr-07,GPU-DEMO-0002,python-train,56.084,76.241,209.807,0.497,model-registry.internal,True,False,False,True,sentinel-7b-demo,True,secure,benign,demo
2026-08-12T19:40:00+00:00,evt-secure-0236,user-04,job-08,ctr-08,GPU-DEMO-0003,python-train,94.277,65.472,216.037,0.238,model-registry.internal,True,False,False,True,sentinel-7b-demo,True,secure,benign,demo
2026-08-12T19:45:00+00:00,evt-secure-0237,user-05,job-09,ctr-09,GPU-DEMO-0001,tritonserver,68.94,87.411,225.697,0.419,model-registry.internal,True,False,False,True,sentinel-7b-demo,True,secure,benign,demo
2026-08-12T19:50:00+00:00,evt-secure-0238,user-06,job-10,ctr-10,GPU-DEMO-0002,python-train,67.0,84.454,256.462,0.479,model-registry.internal,True,False,False,True,sentinel-7b-demo,True,secure,benign,demo
2026-08-12T19:55:00+00:00,evt-secure-0239,user-07,job-11,ctr-11,GPU-DEMO-0003,python-train,57.958,73.526,215.909,0.1,model-registry.internal,True,False,False,True,sentinel-7b-demo,True,secure,benign,demo
2026-08-12T20:00:00+00:00,evt-secure-0240,user-00,job-00,ctr-00,GPU-DEMO-0001,tritonserver,68.915,81.628,231.732,0.129,model-registry.internal,True,False,False,True,sentinel-7b-demo,True,secure,benign,demo
2026-08-12T20:05:00+00:00,evt-secure-0241,user-01,job-01,ctr-01,GPU-DEMO-0002,python-train,68.885,75.304,312.145,0.267,model-registry.internal,True,False,False,True,sentinel-7b-demo,True,secure,benign,demo
2026-08-12T20:10:00+00:00,evt-secure-0242,user-02,job-02,ctr-02,GPU-DEMO-0003,python-train,84.34,66.56,210.016,0.186,model-registry.internal,True,False,False,True,sentinel-7b-demo,True,secure,benign,demo
2026-08-12T20:15:00+00:00,evt-secure-0243,user-03,job-03,ctr-03,GPU-DEMO-0001,tritonserver,52.679,78.932,202.515,0.095,model-registry.internal,True,False,False,True,sentinel-7b-demo,True,secure,benign,demo
2026-08-12T20:20:00+00:00,evt-secure-0244,user-04,job-04,ctr-04,GPU-DEMO-0002,python-train,66.027,73.261,251.214,0.607,model-registry.internal,True,False,False,True,sentinel-7b-demo,True,secure,benign,demo
2026-08-12T20:25:00+00:00,evt-secure-0245,user-05,job-05,ctr-05,GPU-DEMO-0003,python-train,70.671,71.603,205.901,0.18,model-registry.internal,True,False,False,True,sentinel-7b-demo,True,secure,benign,demo
2026-08-12T20:30:00+00:00,evt-secure-0246,user-06,job-06,ctr-06,GPU-DEMO-0001,tritonserver,66.012,75.374,197.644,0.288,model-registry.internal,True,False,False,True,sentinel-7b-demo,True,secure,benign,demo
2026-08-12T20:35:00+00:00,evt-secure-0247,user-07,job-07,ctr-07,GPU-DEMO-0002,python-train,75.579,81.923,216.844,0.227,model-registry.internal,True,False,False,True,sentinel-7b-demo,True,secure,benign,demo
2026-08-12T20:40:00+00:00,evt-secure-0248,user-00,job-08,ctr-08,GPU-DEMO-0003,python-train,54.53,77.753,236.476,0.357,model-registry.internal,True,False,False,True,sentinel-7b-demo,True,secure,benign,demo
2026-08-12T20:45:00+00:00,evt-secure-0249,user-01,job-09,ctr-09,GPU-DEMO-0001,tritonserver,77.363,75.957,233.575,0.317,model-registry.internal,True,False,False,True,sentinel-7b-demo,True,secure,benign,demo
2026-08-12T20:50:00+00:00,evt-secure-0250,user-02,job-10,ctr-10,GPU-DEMO-0002,python-train,79.676,72.255,214.109,0.456,model-registry.internal,True,False,False,True,sentinel-7b-demo,True,secure,benign,demo
2026-08-12T20:55:00+00:00,evt-secure-0251,user-03,job-11,ctr-11,GPU-DEMO-0003,python-train,74.159,71.796,201.43,0.792,model-registry.internal,True,False,False,True,sentinel-7b-demo,True,secure,benign,demo
2026-08-12T21:00:00+00:00,evt-secure-0252,user-04,job-00,ctr-00,GPU-DEMO-0001,tritonserver,65.508,75.093,192.841,0.27,model-registry.internal,True,False,False,True,sentinel-7b-demo,True,secure,benign,demo
2026-08-12T21:05:00+00:00,evt-secure-0253,user-05,job-01,ctr-01,GPU-DEMO-0002,python-train,61.775,63.112,202.714,0.285,model-registry.internal,True,False,False,True,sentinel-7b-demo,True,secure,benign,demo
2026-08-12T21:10:00+00:00,evt-secure-0254,user-06,job-02,ctr-02,GPU-DEMO-0003,python-train,73.419,74.45,288.935,1.144,model-registry.internal,True,False,False,True,sentinel-7b-demo,True,secure,benign,demo
2026-08-12T21:15:00+00:00,evt-secure-0255,user-07,job-03,ctr-03,GPU-DEMO-0001,tritonserver,73.058,67.107,230.1,0.405,model-registry.internal,True,False,False,True,sentinel-7b-demo,True,secure,benign,demo
2026-08-12T21:20:00+00:00,evt-secure-0256,user-00,job-04,ctr-04,GPU-DEMO-0002,python-train,56.151,83.907,249.336,0.172,model-registry.internal,True,False,False,True,sentinel-7b-demo,True,secure,benign,demo
2026-08-12T21:25:00+00:00,evt-secure-0257,user-01,job-05,ctr-05,GPU-DEMO-0003,python-train,60.293,83.138,209.672,0.553,model-registry.internal,True,False,False,True,sentinel-7b-demo,True,secure,benign,demo
2026-08-12T21:30:00+00:00,evt-secure-0258,user-02,job-06,ctr-06,GPU-DEMO-0001,tritonserver,78.55,71.46,180.477,0.33,model-registry.internal,True,False,False,True,sentinel-7b-demo,True,secure,benign,demo
2026-08-12T21:35:00+00:00,evt-secure-0259,user-03,job-07,ctr-07,GPU-DEMO-0002,python-train,67.354,72.534,225.369,0.519,model-registry.internal,True,False,False,True,sentinel-7b-demo,True,secure,benign,demo
2026-08-12T21:40:00+00:00,evt-secure-0260,user-04,job-08,ctr-08,GPU-DEMO-0003,python-train,58.554,71.015,265.924,0.19,model-registry.internal,True,False,False,True,sentinel-7b-demo,True,secure,benign,demo
2026-08-12T21:45:00+00:00,evt-secure-0261,user-05,job-09,ctr-09,GPU-DEMO-0001,tritonserver,74.091,62.056,251.441,0.26,model-registry.internal,True,False,False,True,sentinel-7b-demo,True,secure,benign,demo
2026-08-12T21:50:00+00:00,evt-secure-0262,user-06,job-10,ctr-10,GPU-DEMO-0002,python-train,73.385,67.563,254.228,0.1,model-registry.internal,True,False,False,True,sentinel-7b-demo,True,secure,benign,demo
2026-08-12T21:55:00+00:00,evt-secure-0263,user-07,job-11,ctr-11,GPU-DEMO-0003,python-train,66.907,63.607,267.655,0.128,model-registry.internal,True,False,False,True,sentinel-7b-demo,True,secure,benign,demo
2026-08-12T22:00:00+00:00,evt-secure-0264,user-00,job-00,ctr-00,GPU-DEMO-0001,tritonserver,67.52,70.912,273.008,0.246,model-registry.internal,True,False,False,True,sentinel-7b-demo,True,secure,benign,demo
2026-08-12T22:05:00+00:00,evt-secure-0265,user-01,job-01,ctr-01,GPU-DEMO-0002,python-train,74.119,63.054,221.585,0.181,model-registry.internal,True,False,False,True,sentinel-7b-demo,True,secure,benign,demo
2026-08-12T22:10:00+00:00,evt-secure-0266,user-02,job-02,ctr-02,GPU-DEMO-0003,python-train,56.022,68.6,207.137,0.231,model-registry.internal,True,False,False,True,sentinel-7b-demo,True,secure,benign,demo
2026-08-12T22:15:00+00:00,evt-secure-0267,user-03,job-03,ctr-03,GPU-DEMO-0001,tritonserver,75.656,72.155,206.895,0.236,model-registry.internal,True,False,False,True,sentinel-7b-demo,True,secure,benign,demo
2026-08-12T22:20:00+00:00,evt-secure-0268,user-04,job-04,ctr-04,GPU-DEMO-0002,python-train,66.426,79.195,159.098,0.298,model-registry.internal,True,False,False,True,sentinel-7b-demo,True,secure,benign,demo
2026-08-12T22:25:00+00:00,evt-secure-0269,user-05,job-05,ctr-05,GPU-DEMO-0003,python-train,78.101,78.283,213.981,0.593,model-registry.internal,True,False,False,True,sentinel-7b-demo,True,secure,benign,demo
2026-08-12T22:30:00+00:00,evt-secure-0270,user-06,job-06,ctr-06,GPU-DEMO-0001,tritonserver,79.891,79.346,246.895,0.258,model-registry.internal,True,False,False,True,sentinel-7b-demo,True,secure,benign,demo
2026-08-12T22:35:00+00:00,evt-secure-0271,user-07,job-07,ctr-07,GPU-DEMO-0002,python-train,59.758,56.733,221.758,0.952,model-registry.internal,True,False,False,True,sentinel-7b-demo,True,secure,benign,demo
2026-08-12T22:40:00+00:00,evt-secure-0272,user-00,job-08,ctr-08,GPU-DEMO-0003,python-train,79.79,67.973,242.758,0.193,model-registry.internal,True,False,False,True,sentinel-7b-demo,True,secure,benign,demo
2026-08-12T22:45:00+00:00,evt-secure-0273,user-01,job-09,ctr-09,GPU-DEMO-0001,tritonserver,55.523,82.091,267.498,0.16,model-registry.internal,True,False,False,True,sentinel-7b-demo,True,secure,benign,demo
2026-08-12T22:50:00+00:00,evt-secure-0274,user-02,job-10,ctr-10,GPU-DEMO-0002,python-train,53.959,69.49,252.691,0.335,model-registry.internal,True,False,False,True,sentinel-7b-demo,True,secure,benign,demo
2026-08-12T22:55:00+00:00,evt-secure-0275,user-03,job-11,ctr-11,GPU-DEMO-0003,python-train,71.436,74.392,226.585,0.26,model-registry.internal,True,False,False,True,sentinel-7b-demo,True,secure,benign,demo
2026-08-12T23:00:00+00:00,evt-secure-0276,user-04,job-00,ctr-00,GPU-DEMO-0001,tritonserver,55.523,86.599,241.482,0.148,model-registry.internal,True,False,False,True,sentinel-7b-demo,True,secure,benign,demo
2026-08-12T23:05:00+00:00,evt-secure-0277,user-05,job-01,ctr-01,GPU-DEMO-0002,python-train,52.967,76.872,239.216,0.204,model-registry.internal,True,False,False,True,sentinel-7b-demo,True,secure,benign,demo
2026-08-12T23:10:00+00:00,evt-secure-0278,user-06,job-02,ctr-02,GPU-DEMO-0003,python-train,60.07,84.288,202.611,0.158,model-registry.internal,True,False,False,True,sentinel-7b-demo,True,secure,benign,demo
2026-08-12T23:15:00+00:00,evt-secure-0279,user-07,job-03,ctr-03,GPU-DEMO-0001,tritonserver,86.586,69.072,231.102,0.202,model-registry.internal,True,False,False,True,sentinel-7b-demo,True,secure,benign,demo
2026-08-12T23:20:00+00:00,evt-secure-0280,user-00,job-04,ctr-04,GPU-DEMO-0002,python-train,60.923,72.921,247.965,0.515,model-registry.internal,True,False,False,True,sentinel-7b-demo,True,secure,benign,demo
2026-08-12T23:25:00+00:00,evt-secure-0281,user-01,job-05,ctr-05,GPU-DEMO-0003,python-train,64.924,60.854,206.685,0.425,model-registry.internal,True,False,False,True,sentinel-7b-demo,True,secure,benign,demo
2026-08-12T23:30:00+00:00,evt-secure-0282,user-02,job-06,ctr-06,GPU-DEMO-0001,tritonserver,70.002,73.433,215.161,0.555,model-registry.internal,True,False,False,True,sentinel-7b-demo,True,secure,benign,demo
2026-08-12T23:35:00+00:00,evt-secure-0283,user-03,job-07,ctr-07,GPU-DEMO-0002,python-train,56.82,63.113,252.145,0.3,model-registry.internal,True,False,False,True,sentinel-7b-demo,True,secure,benign,demo
2026-08-12T23:40:00+00:00,evt-secure-0284,user-04,job-08,ctr-08,GPU-DEMO-0003,python-train,60.819,92.424,191.874,0.386,model-registry.internal,True,False,False,True,sentinel-7b-demo,True,secure,benign,demo
2026-08-12T23:45:00+00:00,evt-secure-0285,user-05,job-09,ctr-09,GPU-DEMO-0001,tritonserver,68.933,75.522,238.734,0.27,model-registry.internal,True,False,False,True,sentinel-7b-demo,True,secure,benign,demo
2026-08-12T23:50:00+00:00,evt-secure-0286,user-06,job-10,ctr-10,GPU-DEMO-0002,python-train,70.892,83.476,220.361,0.228,model-registry.internal,True,False,False,True,sentinel-7b-demo,True,secure,benign,demo
2026-08-12T23:55:00+00:00,evt-secure-0287,user-07,job-11,ctr-11,GPU-DEMO-0003,python-train,81.704,69.227,259.405,0.225,model-registry.internal,True,False,False,True,sentinel-7b-demo,True,secure,benign,demo
2026-08-13T00:00:00+00:00,evt-secure-0288,user-00,job-00,ctr-00,GPU-DEMO-0001,tritonserver,73.795,76.785,210.231,0.187,model-registry.internal,True,False,False,True,sentinel-7b-demo,True,secure,benign,demo
2026-08-13T00:05:00+00:00,evt-secure-0289,user-01,job-01,ctr-01,GPU-DEMO-0002,python-train,76.197,66.881,225.253,0.494,model-registry.internal,True,False,False,True,sentinel-7b-demo,True,secure,benign,demo
2026-08-13T00:10:00+00:00,evt-secure-0290,user-02,job-02,ctr-02,GPU-DEMO-0003,python-train,55.297,72.131,233.131,0.704,model-registry.internal,True,False,False,True,sentinel-7b-demo,True,secure,benign,demo
2026-08-13T00:15:00+00:00,evt-secure-0291,user-03,job-03,ctr-03,GPU-DEMO-0001,tritonserver,69.021,78.447,231.529,0.26,model-registry.internal,True,False,False,True,sentinel-7b-demo,True,secure,benign,demo
2026-08-13T00:20:00+00:00,evt-secure-0292,user-04,job-04,ctr-04,GPU-DEMO-0002,python-train,46.323,73.531,219.682,0.378,model-registry.internal,True,False,False,True,sentinel-7b-demo,True,secure,benign,demo
2026-08-13T00:25:00+00:00,evt-secure-0293,user-05,job-05,ctr-05,GPU-DEMO-0003,python-train,57.702,57.981,255.883,0.748,model-registry.internal,True,False,False,True,sentinel-7b-demo,True,secure,benign,demo
2026-08-13T00:30:00+00:00,evt-secure-0294,user-06,job-06,ctr-06,GPU-DEMO-0001,tritonserver,60.265,79.04,220.723,0.318,model-registry.internal,True,False,False,True,sentinel-7b-demo,True,secure,benign,demo
2026-08-13T00:35:00+00:00,evt-secure-0295,user-07,job-07,ctr-07,GPU-DEMO-0002,python-train,64.188,59.402,233.909,0.365,model-registry.internal,True,False,False,True,sentinel-7b-demo,True,secure,benign,demo
2026-08-13T00:40:00+00:00,evt-secure-0296,user-00,job-08,ctr-08,GPU-DEMO-0003,python-train,76.885,71.752,241.08,0.169,model-registry.internal,True,False,False,True,sentinel-7b-demo,True,secure,benign,demo
2026-08-13T00:45:00+00:00,evt-secure-0297,user-01,job-09,ctr-09,GPU-DEMO-0001,tritonserver,58.259,70.564,234.996,0.18,model-registry.internal,True,False,False,True,sentinel-7b-demo,True,secure,benign,demo
2026-08-13T00:50:00+00:00,evt-secure-0298,user-02,job-10,ctr-10,GPU-DEMO-0002,python-train,56.099,74.452,212.311,0.198,model-registry.internal,True,False,False,True,sentinel-7b-demo,True,secure,benign,demo
2026-08-13T00:55:00+00:00,evt-secure-0299,user-03,job-11,ctr-11,GPU-DEMO-0003,python-train,59.546,85.773,297.531,0.416,model-registry.internal,True,False,False,True,sentinel-7b-demo,True,secure,benign,demo
2026-08-13T01:00:00+00:00,evt-secure-0300,user-04,job-00,ctr-00,GPU-DEMO-0001,tritonserver,57.305,85.86,198.079,0.108,model-registry.internal,True,False,False,True,sentinel-7b-demo,True,secure,benign,demo
2026-08-13T01:05:00+00:00,evt-secure-0301,user-05,job-01,ctr-01,GPU-DEMO-0002,python-train,63.83,64.893,261.44,0.835,model-registry.internal,True,False,False,True,sentinel-7b-demo,True,secure,benign,demo
2026-08-13T01:10:00+00:00,evt-secure-0302,user-06,job-02,ctr-02,GPU-DEMO-0003,python-train,66.118,71.28,173.09,0.993,model-registry.internal,True,False,False,True,sentinel-7b-demo,True,secure,benign,demo
2026-08-13T01:15:00+00:00,evt-secure-0303,user-07,job-03,ctr-03,GPU-DEMO-0001,tritonserver,71.154,61.702,217.017,0.331,model-registry.internal,True,False,False,True,sentinel-7b-demo,True,secure,benign,demo
2026-08-13T01:20:00+00:00,evt-secure-0304,user-00,job-04,ctr-04,GPU-DEMO-0002,python-train,57.419,64.937,242.356,0.359,model-registry.internal,True,False,False,True,sentinel-7b-demo,True,secure,benign,demo
2026-08-13T01:25:00+00:00,evt-secure-0305,user-01,job-05,ctr-05,GPU-DEMO-0003,python-train,62.248,76.658,231.297,0.155,model-registry.internal,True,False,False,True,sentinel-7b-demo,True,secure,benign,demo
2026-08-13T01:30:00+00:00,evt-secure-0306,user-02,job-06,ctr-06,GPU-DEMO-0001,tritonserver,75.89,82.977,199.949,0.382,model-registry.internal,True,False,False,True,sentinel-7b-demo,True,secure,benign,demo
2026-08-13T01:35:00+00:00,evt-secure-0307,user-03,job-07,ctr-07,GPU-DEMO-0002,python-train,76.22,76.527,247.48,0.185,model-registry.internal,True,False,False,True,sentinel-7b-demo,True,secure,benign,demo
2026-08-13T01:40:00+00:00,evt-secure-0308,user-04,job-08,ctr-08,GPU-DEMO-0003,python-train,58.433,71.893,259.566,0.239,model-registry.internal,True,False,False,True,sentinel-7b-demo,True,secure,benign,demo
2026-08-13T01:45:00+00:00,evt-secure-0309,user-05,job-09,ctr-09,GPU-DEMO-0001,tritonserver,86.534,74.76,197.021,0.468,model-registry.internal,True,False,False,True,sentinel-7b-demo,True,secure,benign,demo
2026-08-13T01:50:00+00:00,evt-secure-0310,user-06,job-10,ctr-10,GPU-DEMO-0002,python-train,61.967,69.666,235.671,0.23,model-registry.internal,True,False,False,True,sentinel-7b-demo,True,secure,benign,demo
2026-08-13T01:55:00+00:00,evt-secure-0311,user-07,job-11,ctr-11,GPU-DEMO-0003,python-train,79.777,76.315,271.158,0.231,model-registry.internal,True,False,False,True,sentinel-7b-demo,True,secure,benign,demo
2026-08-13T02:00:00+00:00,evt-secure-0312,user-00,job-00,ctr-00,GPU-DEMO-0001,tritonserver,83.291,67.233,233.203,0.394,model-registry.internal,True,False,False,True,sentinel-7b-demo,True,secure,benign,demo
2026-08-13T02:05:00+00:00,evt-secure-0313,user-01,job-01,ctr-01,GPU-DEMO-0002,python-train,72.043,87.662,229.488,0.228,model-registry.internal,True,False,False,True,sentinel-7b-demo,True,secure,benign,demo
2026-08-13T02:10:00+00:00,evt-secure-0314,user-02,job-02,ctr-02,GPU-DEMO-0003,python-train,64.94,65.809,217.722,0.294,model-registry.internal,True,False,False,True,sentinel-7b-demo,True,secure,benign,demo
2026-08-13T02:15:00+00:00,evt-secure-0315,user-03,job-03,ctr-03,GPU-DEMO-0001,tritonserver,69.727,54.942,221.605,0.373,model-registry.internal,True,False,False,True,sentinel-7b-demo,True,secure,benign,demo
2026-08-13T02:20:00+00:00,evt-secure-0316,user-04,job-04,ctr-04,GPU-DEMO-0002,python-train,57.064,65.932,236.693,0.327,model-registry.internal,True,False,False,True,sentinel-7b-demo,True,secure,benign,demo
2026-08-13T02:25:00+00:00,evt-secure-0317,user-05,job-05,ctr-05,GPU-DEMO-0003,python-train,81.871,80.816,243.027,0.378,model-registry.internal,True,False,False,True,sentinel-7b-demo,True,secure,benign,demo
2026-08-13T02:30:00+00:00,evt-secure-0318,user-06,job-06,ctr-06,GPU-DEMO-0001,tritonserver,67.133,72.191,182.525,0.078,model-registry.internal,True,False,False,True,sentinel-7b-demo,True,secure,benign,demo
2026-08-13T02:35:00+00:00,evt-secure-0319,user-07,job-07,ctr-07,GPU-DEMO-0002,python-train,59.842,79.581,216.082,0.187,model-registry.internal,True,False,False,True,sentinel-7b-demo,True,secure,benign,demo
2026-08-13T02:40:00+00:00,evt-secure-0320,user-00,job-08,ctr-08,GPU-DEMO-0003,python-train,70.625,71.106,208.458,0.483,model-registry.internal,True,False,False,True,sentinel-7b-demo,True,secure,benign,demo
2026-08-13T02:45:00+00:00,evt-secure-0321,user-01,job-09,ctr-09,GPU-DEMO-0001,tritonserver,61.441,76.674,224.939,0.248,model-registry.internal,True,False,False,True,sentinel-7b-demo,True,secure,benign,demo
2026-08-13T02:50:00+00:00,evt-secure-0322,user-02,job-10,ctr-10,GPU-DEMO-0002,python-train,90.585,65.061,278.901,0.327,model-registry.internal,True,False,False,True,sentinel-7b-demo,True,secure,benign,demo
2026-08-13T02:55:00+00:00,evt-secure-0323,user-03,job-11,ctr-11,GPU-DEMO-0003,python-train,57.83,87.463,217.365,0.29,model-registry.internal,True,False,False,True,sentinel-7b-demo,True,secure,benign,demo
2026-08-13T03:00:00+00:00,evt-secure-0324,user-04,job-00,ctr-00,GPU-DEMO-0001,tritonserver,71.525,76.097,217.103,0.098,model-registry.internal,True,False,False,True,sentinel-7b-demo,True,secure,benign,demo
2026-08-13T03:05:00+00:00,evt-secure-0325,user-05,job-01,ctr-01,GPU-DEMO-0002,python-train,68.969,75.625,204.928,0.404,model-registry.internal,True,False,False,True,sentinel-7b-demo,True,secure,benign,demo
2026-08-13T03:10:00+00:00,evt-secure-0326,user-06,job-02,ctr-02,GPU-DEMO-0003,python-train,80.19,59.597,248.434,0.213,model-registry.internal,True,False,False,True,sentinel-7b-demo,True,secure,benign,demo
2026-08-13T03:15:00+00:00,evt-secure-0327,user-07,job-03,ctr-03,GPU-DEMO-0001,tritonserver,56.346,70.305,251.219,0.224,model-registry.internal,True,False,False,True,sentinel-7b-demo,True,secure,benign,demo
2026-08-13T03:20:00+00:00,evt-secure-0328,user-00,job-04,ctr-04,GPU-DEMO-0002,python-train,67.586,53.15,222.672,0.366,model-registry.internal,True,False,False,True,sentinel-7b-demo,True,secure,benign,demo
2026-08-13T03:25:00+00:00,evt-secure-0329,user-01,job-05,ctr-05,GPU-DEMO-0003,python-train,82.175,78.044,248.897,0.252,model-registry.internal,True,False,False,True,sentinel-7b-demo,True,secure,benign,demo
2026-08-13T03:30:00+00:00,evt-secure-0330,user-02,job-06,ctr-06,GPU-DEMO-0001,tritonserver,79.329,65.361,230.516,0.526,model-registry.internal,True,False,False,True,sentinel-7b-demo,True,secure,benign,demo
2026-08-13T03:35:00+00:00,evt-secure-0331,user-03,job-07,ctr-07,GPU-DEMO-0002,python-train,71.636,68.771,223.867,0.2,model-registry.internal,True,False,False,True,sentinel-7b-demo,True,secure,benign,demo
2026-08-13T03:40:00+00:00,evt-secure-0332,user-04,job-08,ctr-08,GPU-DEMO-0003,python-train,66.806,62.086,208.84,0.284,model-registry.internal,True,False,False,True,sentinel-7b-demo,True,secure,benign,demo
2026-08-13T03:45:00+00:00,evt-secure-0333,user-05,job-09,ctr-09,GPU-DEMO-0001,tritonserver,73.368,70.114,220.547,0.114,model-registry.internal,True,False,False,True,sentinel-7b-demo,True,secure,benign,demo
2026-08-13T03:50:00+00:00,evt-secure-0334,user-06,job-10,ctr-10,GPU-DEMO-0002,python-train,69.888,70.635,199.639,0.121,model-registry.internal,True,False,False,True,sentinel-7b-demo,True,secure,benign,demo
2026-08-13T03:55:00+00:00,evt-secure-0335,user-07,job-11,ctr-11,GPU-DEMO-0003,python-train,72.122,82.328,246.438,0.305,model-registry.internal,True,False,False,True,sentinel-7b-demo,True,secure,benign,demo
2026-08-13T04:00:00+00:00,evt-secure-0336,user-00,job-00,ctr-00,GPU-DEMO-0001,tritonserver,72.249,78.768,223.166,0.155,model-registry.internal,True,False,False,True,sentinel-7b-demo,True,secure,benign,demo
2026-08-13T04:05:00+00:00,evt-secure-0337,user-01,job-01,ctr-01,GPU-DEMO-0002,python-train,66.366,81.042,250.512,0.513,model-registry.internal,True,False,False,True,sentinel-7b-demo,True,secure,benign,demo
2026-08-13T04:10:00+00:00,evt-secure-0338,user-02,job-02,ctr-02,GPU-DEMO-0003,python-train,55.99,72.265,259.998,0.858,model-registry.internal,True,False,False,True,sentinel-7b-demo,True,secure,benign,demo
2026-08-13T04:15:00+00:00,evt-secure-0339,user-03,job-03,ctr-03,GPU-DEMO-0001,tritonserver,70.954,61.307,261.877,0.522,model-registry.internal,True,False,False,True,sentinel-7b-demo,True,secure,benign,demo
2026-08-13T04:20:00+00:00,evt-secure-0340,user-04,job-04,ctr-04,GPU-DEMO-0002,python-train,75.822,75.064,305.835,0.208,model-registry.internal,True,False,False,True,sentinel-7b-demo,True,secure,benign,demo
2026-08-13T04:25:00+00:00,evt-secure-0341,user-05,job-05,ctr-05,GPU-DEMO-0003,python-train,79.5,75.199,168.887,0.382,model-registry.internal,True,False,False,True,sentinel-7b-demo,True,secure,benign,demo
2026-08-13T04:30:00+00:00,evt-secure-0342,user-06,job-06,ctr-06,GPU-DEMO-0001,tritonserver,76.809,72.648,270.698,0.208,model-registry.internal,True,False,False,True,sentinel-7b-demo,True,secure,benign,demo
2026-08-13T04:35:00+00:00,evt-secure-0343,user-07,job-07,ctr-07,GPU-DEMO-0002,python-train,51.085,67.758,209.593,0.376,model-registry.internal,True,False,False,True,sentinel-7b-demo,True,secure,benign,demo
2026-08-13T04:40:00+00:00,evt-secure-0344,user-00,job-08,ctr-08,GPU-DEMO-0003,python-train,72.393,81.945,196.914,0.159,model-registry.internal,True,False,False,True,sentinel-7b-demo,True,secure,benign,demo
2026-08-13T04:45:00+00:00,evt-secure-0345,user-01,job-09,ctr-09,GPU-DEMO-0001,tritonserver,64.092,68.362,208.315,0.357,model-registry.internal,True,False,False,True,sentinel-7b-demo,True,secure,benign,demo
2026-08-13T04:50:00+00:00,evt-secure-0346,user-02,job-10,ctr-10,GPU-DEMO-0002,python-train,67.144,80.374,225.934,0.383,model-registry.internal,True,False,False,True,sentinel-7b-demo,True,secure,benign,demo
2026-08-13T04:55:00+00:00,evt-secure-0347,user-03,job-11,ctr-11,GPU-DEMO-0003,python-train,90.237,76.045,211.707,0.411,model-registry.internal,True,False,False,True,sentinel-7b-demo,True,secure,benign,demo
2026-08-13T05:00:00+00:00,evt-secure-0348,user-04,job-00,ctr-00,GPU-DEMO-0001,tritonserver,82.664,76.957,220.666,0.13,model-registry.internal,True,False,False,True,sentinel-7b-demo,True,secure,benign,demo
2026-08-13T05:05:00+00:00,evt-secure-0349,user-05,job-01,ctr-01,GPU-DEMO-0002,python-train,71.211,69.407,277.809,0.415,model-registry.internal,True,False,False,True,sentinel-7b-demo,True,secure,benign,demo
2026-08-13T05:10:00+00:00,evt-secure-0350,user-06,job-02,ctr-02,GPU-DEMO-0003,python-train,54.798,66.101,226.262,0.112,model-registry.internal,True,False,False,True,sentinel-7b-demo,True,secure,benign,demo
2026-08-13T05:15:00+00:00,evt-secure-0351,user-07,job-03,ctr-03,GPU-DEMO-0001,tritonserver,74.654,74.224,254.956,0.371,model-registry.internal,True,False,False,True,sentinel-7b-demo,True,secure,benign,demo
2026-08-13T05:20:00+00:00,evt-secure-0352,user-00,job-04,ctr-04,GPU-DEMO-0002,python-train,40.23,73.589,268.419,0.447,model-registry.internal,True,False,False,True,sentinel-7b-demo,True,secure,benign,demo
2026-08-13T05:25:00+00:00,evt-secure-0353,user-01,job-05,ctr-05,GPU-DEMO-0003,python-train,61.647,69.066,241.847,0.187,model-registry.internal,True,False,False,True,sentinel-7b-demo,True,secure,benign,demo
2026-08-13T05:30:00+00:00,evt-secure-0354,user-02,job-06,ctr-06,GPU-DEMO-0001,tritonserver,47.812,75.578,223.204,1.873,model-registry.internal,True,False,False,True,sentinel-7b-demo,True,secure,benign,demo
2026-08-13T05:35:00+00:00,evt-secure-0355,user-03,job-07,ctr-07,GPU-DEMO-0002,python-train,81.891,68.982,230.464,0.222,model-registry.internal,True,False,False,True,sentinel-7b-demo,True,secure,benign,demo
2026-08-13T05:40:00+00:00,evt-secure-0356,user-04,job-08,ctr-08,GPU-DEMO-0003,python-train,53.34,58.596,241.059,0.391,model-registry.internal,True,False,False,True,sentinel-7b-demo,True,secure,benign,demo
2026-08-13T05:45:00+00:00,evt-secure-0357,user-05,job-09,ctr-09,GPU-DEMO-0001,tritonserver,63.39,71.614,270.676,0.649,model-registry.internal,True,False,False,True,sentinel-7b-demo,True,secure,benign,demo
2026-08-13T05:50:00+00:00,evt-secure-0358,user-06,job-10,ctr-10,GPU-DEMO-0002,python-train,73.416,85.539,230.064,0.26,model-registry.internal,True,False,False,True,sentinel-7b-demo,True,secure,benign,demo
2026-08-13T05:55:00+00:00,evt-secure-0359,user-07,job-11,ctr-11,GPU-DEMO-0003,python-train,54.373,63.005,287.214,0.163,model-registry.internal,True,False,False,True,sentinel-7b-demo,True,secure,benign,demo
